Item Title,Authors,Publication Year,Publication Title,Content Type,Item DOI,URL,Journal Volume,Journal Issue,Book Series Title
Special Report 4: Chinaâ€™s Energy System Revolution,Shi YaodongAngus Gillespie,2020,China's Energy Revolution in the Context of the Global Energy Transition,Chapter,10.1007/978-3-030-40154-2_5,http://link.springer.com/chapter/10.1007/978-3-030-40154-2_5,,,
Abstracts from the 8th DACH+ Conference on Energy Informatics,,2019,Energy Informatics,Article,10.1186/s42162-019-0098-7,http://link.springer.com/article/10.1186/s42162-019-0098-7,2,2,
ECR 2017 â€“ BOOK OF ABSTRACTS,,2017,Insights into Imaging,Article,10.1007/s13244-017-0546-5,http://link.springer.com/article/10.1007/s13244-017-0546-5,8,1,
Special Report 3: A Study of Chinaâ€™s Technology Revolution,Song ZifengNigel Dickens,2020,China's Energy Revolution in the Context of the Global Energy Transition,Chapter,10.1007/978-3-030-40154-2_4,http://link.springer.com/chapter/10.1007/978-3-030-40154-2_4,,,
"Annual Congress of the European Association of Nuclear Medicine October 13 â€“ 17, 2018 DÃ¼sseldorf, Germany",,2018,European Journal of Nuclear Medicine and Molecular Imaging,Article,10.1007/s00259-018-4148-3,http://link.springer.com/article/10.1007/s00259-018-4148-3,45,1,
The Grants Register,Ruth Lefevre,2016,The Grants Register 2017,ReferenceWorkEntry,10.1007/978-1-349-70229-9_1,http://link.springer.com/referenceworkentry/10.1007/978-1-349-70229-9_1,,,
Spatiotemporal modelling for integrated spatial and energy planning,Luis Ramirez CamargoGernot Stoeglehner,2018,"Energy, Sustainability and Society",Article,10.1186/s13705-018-0174-z,http://link.springer.com/article/10.1186/s13705-018-0174-z,8,1,
"CARS 2015â€”Computer Assisted Radiology and Surgery Proceedings of the 29th International Congress and Exhibition Barcelona, Spain, June 24â€“27, 2015",,2015,International Journal of Computer Assisted Radiology and Surgery,Article,10.1007/s11548-015-1213-2,http://link.springer.com/article/10.1007/s11548-015-1213-2,10,1,
Building simulation: Ten challenges,Tianzhen HongJared LangevinKaiyu Sun,2018,Building Simulation,Article,10.1007/s12273-018-0444-x,http://link.springer.com/article/10.1007/s12273-018-0444-x,11,5,
Improved peak load management control technique for nonlinear and dynamic residential energy consumption pattern,Olawale PopoolaMoreBlessing Chipango,2020,Building Simulation,Article,10.1007/s12273-020-0601-x,http://link.springer.com/article/10.1007/s12273-020-0601-x,,,
"CARS 2018â€”Computer Assisted Radiology and Surgery Proceedings of the 32nd International Congress and Exhibition Berlin, Germany, June 20â€“23, 2018",,2018,International Journal of Computer Assisted Radiology and Surgery,Article,10.1007/s11548-018-1766-y,http://link.springer.com/article/10.1007/s11548-018-1766-y,13,1,
55th EASD Annual Meeting of the European Association for the Study of Diabetes,,2019,Diabetologia,Article,10.1007/s00125-019-4946-6,http://link.springer.com/article/10.1007/s00125-019-4946-6,62,1,
Abstracts,,2017,European Biophysics Journal,Article,10.1007/s00249-017-1222-x,http://link.springer.com/article/10.1007/s00249-017-1222-x,46,1,
Smart Energy Frameworks for Smart Cities: The Need for Polycentrism,Joseph Nyangon,2020,Handbook of Smart Cities,ReferenceWorkEntry,10.1007/978-3-030-15145-4_4-1,http://link.springer.com/referenceworkentry/10.1007/978-3-030-15145-4_4-1,,,
Abstracts of the 49th Annual Meeting of the EASD,,2013,Diabetologia,Article,10.1007/s00125-013-3012-z,http://link.springer.com/article/10.1007/s00125-013-3012-z,56,1,
FCC-ee: The Lepton Collider,A. AbadaM. AbbresciaS. S. AbdusSalamI. AbdyukhanovJ. Abelleira FernandezA. AbramovM. AburaiaA. O. AcarP. R. AdzicP. AgrawalJ. A. Aguilar-SaavedraJ. J. Aguilera-VerdugoM. AibaI. AichingerG. AielliA. Akay,2019,The European Physical Journal Special Topics,Article,10.1140/epjst/e2019-900045-4,http://link.springer.com/article/10.1140/epjst/e2019-900045-4,228,2,
Building Energy Management in the FZI House of Living Labs,Birger BeckerFabian KernManuel LÃ¶schIngo MauserHartmut Schmeck,2015,Energy Informatics,Chapter,10.1007/978-3-319-25876-8_9,http://link.springer.com/chapter/10.1007/978-3-319-25876-8_9,,,
"27th International Congress of the European Association for Endoscopic Surgery (EAES) Sevilla, Spain, 12â€“15 June 2019",,2019,Surgical Endoscopy,Article,10.1007/s00464-019-07109-x,http://link.springer.com/article/10.1007/s00464-019-07109-x,33,2,
Abstracts from the 2020 Annual Meeting of the Society of General Internal Medicine,,2020,Journal of General Internal Medicine,Article,10.1007/s11606-020-05890-3,http://link.springer.com/article/10.1007/s11606-020-05890-3,35,1,
FCC-hh: The Hadron Collider,A. AbadaM. AbbresciaS. S. AbdusSalamI. AbdyukhanovJ. Abelleira FernandezA. AbramovM. AburaiaA. O. AcarP. R. AdzicP. AgrawalJ. A. Aguilar-SaavedraJ. J. Aguilera-VerdugoM. AibaI. AichingerG. AielliA. Akay,2019,The European Physical Journal Special Topics,Article,10.1140/epjst/e2019-900087-0,http://link.springer.com/article/10.1140/epjst/e2019-900087-0,228,4,
HE-LHC: The High-Energy Large Hadron Collider,A. AbadaM. AbbresciaS. S. AbdusSalamI. AbdyukhanovJ. Abelleira FernandezA. AbramovM. AburaiaA. O. AcarP. R. AdzicP. AgrawalJ. A. Aguilar-SaavedraJ. J. Aguilera-VerdugoM. AibaI. AichingerG. AielliA. Akay,2019,The European Physical Journal Special Topics,Article,10.1140/epjst/e2019-900088-6,http://link.springer.com/article/10.1140/epjst/e2019-900088-6,228,5,
Role of Context-Awareness for Demand Response Mechanisms,Pari Delir HaghighiShonali Krishnaswamy,2011,Information and Communication on Technology for the Fight against Global Warming,Chapter,10.1007/978-3-642-23447-7_13,http://link.springer.com/chapter/10.1007/978-3-642-23447-7_13,,,
"Abstracts from the 37th Congress of the SociÃ©tÃ© Internationale dâ€™Urologie, Centro de Congressos de Lisboa, October 19-22, 2017",,2017,World Journal of Urology,Article,10.1007/s00345-017-2090-9,http://link.springer.com/article/10.1007/s00345-017-2090-9,35,1,
CIRSE 2018,,2018,CardioVascular and Interventional Radiology,Article,10.1007/s00270-018-2021-1,http://link.springer.com/article/10.1007/s00270-018-2021-1,41,3,
Household CO2-efficient energy management,Laura FioriniMarco Aiello,2018,Energy Informatics,Article,10.1186/s42162-018-0021-7,http://link.springer.com/article/10.1186/s42162-018-0021-7,1,1,
Real-Time Data Collection and Processing of Utility Customerâ€™s Power Usage for Improved Demand Response Control,Shawyun SaririVolker SchwarzerDominik P. H. KalischMichael AngeloReza Ghorbani,2016,Transactions on Large-Scale Data- and Knowledge-Centered Systems XXVII,Chapter,10.1007/978-3-662-53416-8_4,http://link.springer.com/chapter/10.1007/978-3-662-53416-8_4,,,
"Big Data management in smart grid: concepts, requirements and implementation",Houda DakiAsmaa El HannaniAbdelhak AqqalAbdelfattah HaidineAziz Dahbi,2017,Journal of Big Data,Article,10.1186/s40537-017-0070-y,http://link.springer.com/article/10.1186/s40537-017-0070-y,4,1,
"A Survey of Simulators for Home Energy Management: System Architecture, Intelligence, UI and Efficiency",Mingxu SunWilliams DannahQi LiuXiaodong Liu,2019,Artificial Intelligence and Security,Chapter,10.1007/978-3-030-24271-8_20,http://link.springer.com/chapter/10.1007/978-3-030-24271-8_20,,,
Social Computing for Home Energy Efficiency: Technological and Stakeholder Ecosystems,Marc Torrent-MorenoRafael GimÃ©nezRegina EnrichJosÃ© Javier GarcÃ­aMarÃ­a PÃ©rez,2011,Online Communities and Social Computing,Chapter,10.1007/978-3-642-21796-8_25,http://link.springer.com/chapter/10.1007/978-3-642-21796-8_25,,,
Design and Evaluation of a Constraint-Based Energy Saving and Scheduling Recommender System,SeÃ¡n Ã“g MurphyÃ“scar ManzanoKenneth N. Brown,2015,Principles and Practice of Constraint Programming,Chapter,10.1007/978-3-319-23219-5_47,http://link.springer.com/chapter/10.1007/978-3-319-23219-5_47,,,
Finding faults and influencing consumption: the role of in-home energy feedback displays in managing high-tech homes,Stephen BerryDavid WhaleyWasim SamanKathryn Davidson,2017,Energy Efficiency,Article,10.1007/s12053-016-9489-9,http://link.springer.com/article/10.1007/s12053-016-9489-9,10,4,
Energy@home Leveraging ZigBee to Enable Smart Grid in Residential Environment,Andrea RanalliClaudio Borean,2013,Smart Grid Security,Chapter,10.1007/978-3-642-38030-3_10,http://link.springer.com/chapter/10.1007/978-3-642-38030-3_10,,,
Big Data in the Energy and Transport Sectors,Sebnem RusitschkaEdward Curry,2016,New Horizons for a Data-Driven Economy,Chapter,10.1007/978-3-319-21569-3_13,http://link.springer.com/chapter/10.1007/978-3-319-21569-3_13,,,
Unconventional Energy Resources: 2017 Review,,2019,Natural Resources Research,Article,10.1007/s11053-018-9432-1,http://link.springer.com/article/10.1007/s11053-018-9432-1,28,4,
Computational intelligence techniques for HVAC systems: A review,Muhammad Waseem AhmadMonjur MourshedBaris YuceYacine Rezgui,2016,Building Simulation,Article,10.1007/s12273-016-0285-4,http://link.springer.com/article/10.1007/s12273-016-0285-4,9,4,
Use Cases for Improved Analysis of Energy and Comfort Related Parameters Based on BIM and BEMS Data,Filip PetrushevskiMaryam MontazerStefan SeifriedChristian SchieferGerhard ZuckerThomas PreindlGeorg SuterWolfgang Kastner,2018,Advanced Computing Strategies for Engineering,Chapter,10.1007/978-3-319-91638-5_22,http://link.springer.com/chapter/10.1007/978-3-319-91638-5_22,,,
65TH ASMS Conference on Mass Spectrometry and Allied Topics,Judith Sjoberg,2017,Journal of The American Society for Mass Spectrometry,Article,10.1007/s13361-017-1695-y,http://link.springer.com/article/10.1007/s13361-017-1695-y,28,1,
"ESMRMB 2011, 28th Annual Scientific Meeting, Leipzig, Germany, 6-8 October: EPOSTM Posters / Paper Posters / Clinical Review Posters / Software Exhibits",,2011,"Magnetic Resonance Materials in Physics, Biology and Medicine",Article,10.1007/s10334-011-0268-5,http://link.springer.com/article/10.1007/s10334-011-0268-5,24,1,
67TH ASMS Conference on Mass Spectrometry and Allied Topics,,2019,Journal of The American Society for Mass Spectrometry,Article,10.1007/s13361-019-02232-4,http://link.springer.com/article/10.1007/s13361-019-02232-4,30,1,
66TH ASMS Conference on Mass Spectrometry and Allied Topics,,2018,Journal of The American Society for Mass Spectrometry,Article,10.1007/s13361-018-1971-5,http://link.springer.com/article/10.1007/s13361-018-1971-5,29,1,
The Geodesistâ€™s Handbook 2016,Hermann DrewesFranz KuglitschJÃ³zsef AdÃ¡mSzabolcs RÃ³zsa,2016,Journal of Geodesy,Article,10.1007/s00190-016-0948-z,http://link.springer.com/article/10.1007/s00190-016-0948-z,90,10,
Smart Meters and Smart Devices in Buildings: a Review of Recent Progress and Influence on Electricity Use and Peak Demand,Kristen S. CetinZheng Oâ€™Neill,2017,Current Sustainable/Renewable Energy Reports,Article,10.1007/s40518-017-0063-7,http://link.springer.com/article/10.1007/s40518-017-0063-7,4,1,
Energy Informatics,Dr. Christoph GoebelProf.Â Dr. Hans-Arno JacobsenVictor del RazoMag.Â (FH) Christoph DoblanderDipl.-Ing. Jose RiveraDipl-Inform.Â Wirt Jens IlgDr. Christoph FlathProf.Â Dr. Hartmut SchmeckProf.Â Dr. Christof WeinhardtDipl-Inform. Daniel PathmaperumaProf.Â Dr. Dr.Â h.Â c. Hans-JÃ¼rgen AppelrathProf.Â Dr. Michael SonnenscheinProf.Â Dr. Sebastian LehnhoffProf.Â Dr. Oliver KramerProf.Â Dr. Thorsten StaakeProf.Â Dr. Elgar Fleisch,2014,Business & Information Systems Engineering,Article,10.1007/s12599-013-0304-2,http://link.springer.com/article/10.1007/s12599-013-0304-2,6,1,
Iranâ€™s energy scenarios on a 20-year vision,S. K. ChaharsooghiM. RezaeiM. Alipour,2015,International Journal of Environmental Science and Technology,Article,10.1007/s13762-015-0829-7,http://link.springer.com/article/10.1007/s13762-015-0829-7,12,11,
"Internet of connected ServGoods: Considerations, consequences and concerns",James M. Tien,2015,Journal of Systems Science and Systems Engineering,Article,10.1007/s11518-015-5273-1,http://link.springer.com/article/10.1007/s11518-015-5273-1,24,2,
Design of production systems with hybrid energy and water generation for sustainable value creation,S. EmecP. BilgeG. Seliger,2015,Clean Technologies and Environmental Policy,Article,10.1007/s10098-015-0947-4,http://link.springer.com/article/10.1007/s10098-015-0947-4,17,7,
"The anatomy of the data-driven smart sustainable city: instrumentation, datafication, computerization and related applications",Simon Elias Bibri,2019,Journal of Big Data,Article,10.1186/s40537-019-0221-4,http://link.springer.com/article/10.1186/s40537-019-0221-4,6,1,
"Blockchain: a secure, decentralized, trusted cyber infrastructure solution for future energy systems",Zhaoyang DONGFengji LUOGaoqi LIANG,2018,Journal of Modern Power Systems and Clean Energy,Article,10.1007/s40565-018-0418-0,http://link.springer.com/article/10.1007/s40565-018-0418-0,6,5,
IPR 2016,,2016,Pediatric Radiology,Article,10.1007/s00247-016-3579-x,http://link.springer.com/article/10.1007/s00247-016-3579-x,46,1,
Load Management in Power Grids,Dipl.-Math. Cornelius KÃ¶ppProf.Â Dr. Hans-JÃ¶rg von MettenheimProf.Â Dr. Michael H. Breitner,2013,Business & Information Systems Engineering,Article,10.1007/s12599-012-0246-0,http://link.springer.com/article/10.1007/s12599-012-0246-0,5,1,
Abstracts of the 83rd Annual Meeting of the German Society for Experimental and Clinical Pharmacology and Toxicology (DGPT) and the 19th Annual Meeting of the Association of the Clinical Pharmacology Germany (VKliPha) With contribution of the Arbeitsgemeinschaft fÃ¼r Angewandte Humanpharmakologie e. V. (AGAH),,2017,Naunyn-Schmiedeberg's Archives of Pharmacology,Article,10.1007/s00210-017-1354-7,http://link.springer.com/article/10.1007/s00210-017-1354-7,390,1,
Big Data: A Survey,Min ChenShiwen MaoYunhao Liu,2014,Mobile Networks and Applications,Article,10.1007/s11036-013-0489-0,http://link.springer.com/article/10.1007/s11036-013-0489-0,19,2,
Constructing users in the smart gridâ€”insights from the Danish eFlex project,Sophie NyborgInge RÃ¸pke,2013,Energy Efficiency,Article,10.1007/s12053-013-9210-1,http://link.springer.com/article/10.1007/s12053-013-9210-1,6,4,
The next industrial revolution: Integrated services and goods,James M. Tien,2012,Journal of Systems Science and Systems Engineering,Article,10.1007/s11518-012-5194-1,http://link.springer.com/article/10.1007/s11518-012-5194-1,21,3,
Proposed Architecture for Energy Efficiency and Comfort Optimization in Smart Homes,P. U. B. AlbuquerqueD. K. de A. OhiN. S. PereiraB. de A. PrataG. C. Barroso,2018,"Journal of Control, Automation and Electrical Systems",Article,10.1007/s40313-018-0410-y,http://link.springer.com/article/10.1007/s40313-018-0410-y,29,6,
Analysis of the pattern of energy consumptions and its impact on urban environmental sustainability in Jordan: Amman City as a case study,Rami Nabil Dar-MousaZeyad Makhamreh,2019,"Energy, Sustainability and Society",Article,10.1186/s13705-019-0197-0,http://link.springer.com/article/10.1186/s13705-019-0197-0,9,1,
E-Mobility Systems Architecture: a model-based framework for managing complexity and interoperability,Benedikt KirpesPhilipp DannerRobert BasmadjianHermann de MeerChristian Becker,2019,Energy Informatics,Article,10.1186/s42162-019-0072-4,http://link.springer.com/article/10.1186/s42162-019-0072-4,2,1,
A survey on communication technologies and requirements for internet of electric vehicles,Islam Safak BayramIoannis Papapanagiotou,2014,EURASIP Journal on Wireless Communications and Networking,Article,10.1186/1687-1499-2014-223,http://link.springer.com/article/10.1186/1687-1499-2014-223,2014,1,
(So) Big Data and the transformation of the city,Gennady AndrienkoNatalia AndrienkoChiara BoldriniGuido CaldarelliPaolo CintiaStefano CresciAngelo FacchiniFosca GiannottiAristides GionisRiccardo GuidottiMichael MathioudakisCristina Ioana MunteanLuca PappalardoDino PedreschiEvangelos PournarasFrancesca Pratesi,2020,International Journal of Data Science and Analytics,Article,10.1007/s41060-020-00207-3,http://link.springer.com/article/10.1007/s41060-020-00207-3,,,
SSG: An Ontology-Based Information Model for Smart Grids,Khouloud SalamehRichard ChbeirHaritza Camblong,2019,Transactions on Large-Scale Data- and Knowledge-Centered Systems XL,Chapter,10.1007/978-3-662-58664-8_4,http://link.springer.com/chapter/10.1007/978-3-662-58664-8_4,,,
"Investigating the nexus of climate, energy, water, and land at decision-relevant scales: the Platform for Regional Integrated Modeling and Analysis (PRIMA)",Ian KraucunasLeon ClarkeJames DirksJohn HathawayMohamad HejaziKathy HibbardMaoyi HuangChunlian JinMichael Kintner-MeyerKerstin Kleese van DamRuby LeungHong-Yi LiRichard MossMarty PetersonJennie RiceMichael Scott,2015,Climatic Change,Article,10.1007/s10584-014-1064-9,http://link.springer.com/article/10.1007/s10584-014-1064-9,129,4-Mar,
Energy aware building automation enables Smart Grid-friendly buildings,Gerhard ZuckerPeter PalenskyFlorian JudexChristian HettfleischRalf-Roman SchmidtDaniele Basciotti,2012,e & i Elektrotechnik und Informationstechnik,Article,10.1007/s00502-012-0012-5,http://link.springer.com/article/10.1007/s00502-012-0012-5,129,4,
"Achieving sustainability through smart city applications: protocols, systems and solutions using IoT and wireless sensor network",Maneesha Vinodini RameshRekha PrabhaHemalatha ThirugnanamAryadevi Remanidevi DevidasDhanesh RajSruthy AnandRahul Krishnan Pathinarupothi,2020,CSI Transactions on ICT,Article,10.1007/s40012-020-00285-5,http://link.springer.com/article/10.1007/s40012-020-00285-5,8,2,
Digital Economy as a Factor in the Technological Development of the Mineral Sector,V. S. Litvinenko,2020,Natural Resources Research,Article,10.1007/s11053-019-09568-4,http://link.springer.com/article/10.1007/s11053-019-09568-4,29,3,
"Proceedings of the World Molecular Imaging Congress 2015, Honolulu, Hawaii, September 2-5, 2015: Late-Breaking Abstracts",,2016,Molecular Imaging and Biology,Article,10.1007/s11307-016-0968-3,http://link.springer.com/article/10.1007/s11307-016-0968-3,18,1,
Advanced Human Centric 5G-IoT in a Smart City: Requirements and Challenges,Dragorad MilovanovicVladan PantovicNatasa BojkovicZoran Bojkovic,2019,Human Centered Computing,Chapter,10.1007/978-3-030-37429-7_28,http://link.springer.com/chapter/10.1007/978-3-030-37429-7_28,,,
Improving the energy production of roof-top solar PV systems through roof design,Hong Xian LiYitao ZhangDavid EdwardsM. Reza Hosseini,2020,Building Simulation,Article,10.1007/s12273-019-0585-6,http://link.springer.com/article/10.1007/s12273-019-0585-6,13,2,
Situational awareness architecture for smart grids developed in accordance with dispatcherâ€™s thought process: a review,You-bo LiuJun-yong LiuGareth TaylorTing-jian LiuJing GouXi Zhang,2016,Frontiers of Information Technology & Electronic Engineering,Article,10.1631/FITEE.1601516,http://link.springer.com/article/10.1631/FITEE.1601516,17,11,
Eco-efficiency indicator framework implemented in the metallurgical industry: part 1â€”a comprehensive view and benchmark,Ida RÃ¶nnlundMarkus ReuterSusanna HornJatta AhoMaija AhoMinna PÃ¤Ã¤llysahoLaura YlimÃ¤kiTiina Pursula,2016,The International Journal of Life Cycle Assessment,Article,10.1007/s11367-016-1122-9,http://link.springer.com/article/10.1007/s11367-016-1122-9,21,10,
A Tool Set for the Evaluation of Security and Reliability in Smart Grids,JoÃ«l ChinnowJakob TonnKarsten BsufkaThomas KonnerthSahin Albayrak,2013,Smart Grid Security,Chapter,10.1007/978-3-642-38030-3_3,http://link.springer.com/chapter/10.1007/978-3-642-38030-3_3,,,
BIOMEMBRANES 2018,,2018,Journal of Bioenergetics and Biomembranes,Article,10.1007/s10863-018-9775-7,http://link.springer.com/article/10.1007/s10863-018-9775-7,50,6,
Improving energy use in schools: from IEQ towards energy-efficient planningâ€”method and in-field application to two case studies,LuÃ­sa Dias PereiraFrancisco Bispo LamasManuel Gameiro da Silva,2019,Energy Efficiency,Article,10.1007/s12053-018-9742-5,http://link.springer.com/article/10.1007/s12053-018-9742-5,12,5,
A Feedback Delivery System for Communal Energy Consumption Practices,Mina RahimianLisa Domenica Iulo,2017,Human-Computer Interaction. Interaction Contexts,Chapter,10.1007/978-3-319-58077-7_41,http://link.springer.com/chapter/10.1007/978-3-319-58077-7_41,,,
Predicting unusual energy consumption events from smart home sensor network by data stream mining with misclassified recall,Simon FongJiaxue LiWei SongYifei TianRaymond K. WongNilanjan Dey,2018,Journal of Ambient Intelligence and Humanized Computing,Article,10.1007/s12652-018-0685-7,http://link.springer.com/article/10.1007/s12652-018-0685-7,9,4,
An Agent-Based Serious Game for Decentralised Community Energy Systems,Aikaterini BourazeriJeremy Pitt,2014,PRIMA 2014: Principles and Practice of Multi-Agent Systems,Chapter,10.1007/978-3-319-13191-7_20,http://link.springer.com/chapter/10.1007/978-3-319-13191-7_20,,,
Big data analytics in smart grids: a review,Yang ZhangTao HuangEttore Francesco Bompard,2018,Energy Informatics,Article,10.1186/s42162-018-0007-5,http://link.springer.com/article/10.1186/s42162-018-0007-5,1,1,
Techno-financial analysis and design of on-board intelligent-assisting system for a hybrid solarâ€“DEG-powered boat,Shamim Al MamunZamshed Iqbal ChowdhuryM. Shamim KaiserMohammad Shahidul Islam,2016,International Journal of Energy and Environmental Engineering,Article,10.1007/s40095-016-0218-0,http://link.springer.com/article/10.1007/s40095-016-0218-0,7,4,
The emerging dataâ€“driven Smart City and its innovative applied solutions for sustainability: the cases of London and BarcelonaÂ ,Simon Elias BibriJohn Krogstie,2020,Energy Informatics,Article,10.1186/s42162-020-00108-6,http://link.springer.com/article/10.1186/s42162-020-00108-6,3,1,
A Survey of Green Mobile Networks: Opportunities and Challenges,Xiaofei WangAthanasios V. VasilakosMin ChenYunhao LiuTed Taekyoung Kwon,2012,Mobile Networks and Applications,Article,10.1007/s11036-011-0316-4,http://link.springer.com/article/10.1007/s11036-011-0316-4,17,1,
Poster Abstracts,,2010,In Vitro Cellular & Developmental Biology - Animal,Article,10.1007/s11626-010-9339-6,http://link.springer.com/article/10.1007/s11626-010-9339-6,46,1,
Greening internet of things for greener and smarter cities: a survey and future prospects,S. H. AlsamhiOu MaMohd. Samar AnsariQingliang Meng,2019,Telecommunication Systems,Article,10.1007/s11235-019-00597-1,http://link.springer.com/article/10.1007/s11235-019-00597-1,72,4,
Complexity aided design,A. CarboneM. Ajmone-MarsanK. W. AxhausenM. BattyM. MaseraE. Rome,2012,The European Physical Journal Special Topics,Article,10.1140/epjst/e2012-01701-5,http://link.springer.com/article/10.1140/epjst/e2012-01701-5,214,1,
"Internet of Things (IoT), Applications and Challenges: A Comprehensive Review",Abhishek KhannaSanmeet Kaur,2020,Wireless Personal Communications,Article,10.1007/s11277-020-07446-4,http://link.springer.com/article/10.1007/s11277-020-07446-4,114,2,
Wireless sensor networks: a survey on recent developments and potential synergies,Priyanka RawatKamal Deep SinghHakima ChaouchiJean Marie Bonnin,2014,The Journal of Supercomputing,Article,10.1007/s11227-013-1021-9,http://link.springer.com/article/10.1007/s11227-013-1021-9,68,1,
GLYCO 23 XXIII International Symposium on Glycoconjugates,,2015,Glycoconjugate Journal,Article,10.1007/s10719-015-9596-4,http://link.springer.com/article/10.1007/s10719-015-9596-4,32,5,
Oral Free Paper Sessions,,2016,Virchows Archiv,Article,10.1007/s00428-016-1997-7,http://link.springer.com/article/10.1007/s00428-016-1997-7,469,1,
Occupant behavior models: A critical review of implementation and representation approaches in building performance simulation programs,Tianzhen HongYixing ChenZsofia BelafiSimona Dâ€™Oca,2018,Building Simulation,Article,10.1007/s12273-017-0396-6,http://link.springer.com/article/10.1007/s12273-017-0396-6,11,1,
"Glyco25, XXV International Symposium on Glycoconjugates",,2019,Glycoconjugate Journal,Article,10.1007/s10719-019-09880-4,http://link.springer.com/article/10.1007/s10719-019-09880-4,36,4,
A BIM-GIS integrated pre-retrofit model for building data mapping,Ã–zgÃ¼r GÃ¶Ã§erYing HuaKenan GÃ¶Ã§er,2016,Building Simulation,Article,10.1007/s12273-016-0293-4,http://link.springer.com/article/10.1007/s12273-016-0293-4,9,5,
"From Smart Grids to Business Intelligence, a Challenge for Bioinspired Systems",Irene MartÃ­n-RubioAntonio E. Florence-SandovalJuan JimÃ©nez-TrilloDiego Andina,2015,Bioinspired Computation in Artificial Systems,Chapter,10.1007/978-3-319-18833-1_46,http://link.springer.com/chapter/10.1007/978-3-319-18833-1_46,,,
"ESMRMB 2015, 32nd Annual Scientific Meeting, Edinburgh, UK, 1-3 October: Abstracts, Thursday",,2015,"Magnetic Resonance Materials in Physics, Biology and Medicine",Article,10.1007/s10334-015-0487-2,http://link.springer.com/article/10.1007/s10334-015-0487-2,28,1,
Big Data & Analytics for Societal Impact: Recent Research and Trends,Ashish GuptaAmit DeokarLakshmi IyerRamesh ShardaDave Schrader,2018,Information Systems Frontiers,Article,10.1007/s10796-018-9846-7,http://link.springer.com/article/10.1007/s10796-018-9846-7,20,2,
"On the influence of building design, occupants and heat waves on comfort and greenhouse gas emissions in naturally ventilated offices. A study based on the EN 15251 adaptive thermal comfort model in Athens, Greece",Astrid RoetzelAris TsangrassoulisUdo DietrichSabine Busching,2010,Building Simulation,Article,10.1007/s12273-010-0002-7,http://link.springer.com/article/10.1007/s12273-010-0002-7,3,2,
Scalable modeling technologies in the wild: an experience report on wind turbines control applications development,Abel GÃ³mezXabier MendialduaKonstantinos BarmpisGÃ¡bor BergmannJordi CabotXabier de CarlosCsaba DebreceniAntonio GarmendiaDimitrios S. KolovosJuan de Lara,2020,Software and Systems Modeling,Article,10.1007/s10270-020-00776-8,http://link.springer.com/article/10.1007/s10270-020-00776-8,,,
Trends and research challenges in remanufacturing,Mitsutaka MatsumotoShanshan YangKristian MartinsenYasutaka Kainuma,2016,International Journal of Precision Engineering and Manufacturing-Green Technology,Article,10.1007/s40684-016-0016-4,http://link.springer.com/article/10.1007/s40684-016-0016-4,3,1,
"9th International Conference Plant Functioning Under Environmental Stress September 12-15, 2012 Cracow Poland",,2012,Acta Physiologiae Plantarum,Article,10.1007/s11738-012-1073-0,http://link.springer.com/article/10.1007/s11738-012-1073-0,34,1,
Managing Urban Resilience,Bernhard KleinReinhard KoenigGerhard Schmitt,2017,Informatik-Spektrum,Article,10.1007/s00287-016-1005-2,http://link.springer.com/article/10.1007/s00287-016-1005-2,40,1,
Sustainability benchmarking tool (SBT): theoretical and conceptual model proposition of a composite framework,Cagatay TasdemirRado GazoHenry J. Quesada,2019,"Environment, Development and Sustainability",Article,10.1007/s10668-019-00512-3,http://link.springer.com/article/10.1007/s10668-019-00512-3,,,
"Internal flow structure, fault detection, and performance optimization of centrifugal pumps",Zhe-ming TongJia-ge XinShui-guang TongZhong-qin YangJian-yun ZhaoJun-hua Mao,2020,Journal of Zhejiang University-SCIENCE A,Article,10.1631/jzus.A1900608,http://link.springer.com/article/10.1631/jzus.A1900608,21,2,
Towards Collective Awareness Systems,Luis M. Camarinha-MatosJoÃ£o GoesLuis GomesJoÃ£o Martins,2014,Technological Innovation for Collective Awareness Systems,Chapter,10.1007/978-3-642-54734-8_1,http://link.springer.com/chapter/10.1007/978-3-642-54734-8_1,,,
Chemical Sensors and Measurement,Prof. Ping WangDr. Qingjun Liu,2011,Biomedical Sensors and Measurement,Chapter,10.1007/978-3-642-19525-9_4,http://link.springer.com/chapter/10.1007/978-3-642-19525-9_4,,,
Analysis of drought risk management strategies using dynamic inoperability inputâ€“output modeling and event tree analysis,Joost R. SantosSheree T. PagsuyoinLucia C. HerreraRaymond R. TanKrista D. Yu,2014,Environment Systems and Decisions,Article,10.1007/s10669-014-9514-5,http://link.springer.com/article/10.1007/s10669-014-9514-5,34,4,
Services and simulation frameworks for vehicular cloud computing: a contemporary survey,Bilal AhmedAsad Waqar MalikTaimur HafeezNadeem Ahmed,2019,EURASIP Journal on Wireless Communications and Networking,Article,10.1186/s13638-018-1315-y,http://link.springer.com/article/10.1186/s13638-018-1315-y,2019,1,
Toward decentralized intelligence in manufacturing: recent trends in automatic identification of things,Mika LiukkonenTsung-Nan Tsai,2016,The International Journal of Advanced Manufacturing Technology,Article,10.1007/s00170-016-8628-y,http://link.springer.com/article/10.1007/s00170-016-8628-y,87,12-Sep,
Potential annual daylighting performance of a high-efficiency daylight redirecting slat system,LuÃ­s L. FernandesEleanor S. LeeAnothai ThanachareonkitStephen E. Selkowitz,2020,Building Simulation,Article,10.1007/s12273-020-0674-6,http://link.springer.com/article/10.1007/s12273-020-0674-6,,,
Environment Modelling for Spatial Load Forecasting,Ander PijoanOihane Kamara-EstebanCruz E. Borges,2015,Agent Environments for Multi-Agent Systems IV,Chapter,10.1007/978-3-319-23850-0_12,http://link.springer.com/chapter/10.1007/978-3-319-23850-0_12,,,
Inducing Behavioural Change in Society Through Communication and Education in Sustainable Manufacturing,Ina RoederWei Min WangBernd Muschard,2017,Sustainable Manufacturing,Chapter,10.1007/978-3-319-48514-0_16,http://link.springer.com/chapter/10.1007/978-3-319-48514-0_16,,,
Specialized CSIRT for Incident Response Management in Smart Grids,Rafael de Jesus MartinsLuis Augusto Dias KnobEduardo Germano da SilvaJuliano Araujo WickboldtAlberto Schaeffer-FilhoLisandro Zambenedetti Granville,2019,Journal of Network and Systems Management,Article,10.1007/s10922-018-9458-z,http://link.springer.com/article/10.1007/s10922-018-9458-z,27,1,
PRISM-games: verification and strategy synthesis for stochastic multi-player games with multiple objectives,Marta KwiatkowskaDavid ParkerClemens Wiltsche,2018,International Journal on Software Tools for Technology Transfer,Article,10.1007/s10009-017-0476-z,http://link.springer.com/article/10.1007/s10009-017-0476-z,20,2,
Virtual reality laboratories: a review of experiences,Marcela HernÃ¡ndez-de-MenÃ©ndezAntonio Vallejo GuevaraRuben Morales-Menendez,2019,International Journal on Interactive Design and Manufacturing (IJIDeM),Article,10.1007/s12008-019-00558-7,http://link.springer.com/article/10.1007/s12008-019-00558-7,13,3,
Modeling Combustion Chemistry in Large Eddy Simulation of Turbulent Flames,BenoÃ®t FiorinaDenis VeynanteSÃ©bastien Candel,2015,"Flow, Turbulence and Combustion",Article,10.1007/s10494-014-9579-8,http://link.springer.com/article/10.1007/s10494-014-9579-8,94,1,
Bayesian maximum entropy approach and its applications: a review,Junyu HeAlexander Kolovos,2018,Stochastic Environmental Research and Risk Assessment,Article,10.1007/s00477-017-1419-7,http://link.springer.com/article/10.1007/s00477-017-1419-7,32,4,
A novel medical internet of things perception system based on visual image encryption and intrusion detection,Aiying GuoMeihua XuFeng RanHaiyong Wang,2019,Cluster Computing,Article,10.1007/s10586-018-1944-2,http://link.springer.com/article/10.1007/s10586-018-1944-2,22,6,
T1: Plant Genetic Resources,,2017,Cereal Research Communications,Article,10.1556/0806.45.2017.100,http://link.springer.com/article/10.1556/0806.45.2017.100,45,1,
Ticket-based QoS routing optimization using genetic algorithm for WSN applications in smart grid,Uthman BaroudiManaf Bin-YahyaMeshaan AlshammariUmair Yaqoub,2019,Journal of Ambient Intelligence and Humanized Computing,Article,10.1007/s12652-018-0906-0,http://link.springer.com/article/10.1007/s12652-018-0906-0,10,4,
Ergonomics of the Urban Villaâ€™s Form as an Element of Sustainable Architectural and Urban Design,PaweÅ‚ Horn,2015,Universal Access in Human-Computer Interaction. Access to the Human Environment and Culture,Chapter,10.1007/978-3-319-20687-5_27,http://link.springer.com/chapter/10.1007/978-3-319-20687-5_27,,,
Cognitive ocean of things: a comprehensive review and future trends,Yujie LiShinya TakahashiSeiichi Serikawa,2019,Wireless Networks,Article,10.1007/s11276-019-01953-4,http://link.springer.com/article/10.1007/s11276-019-01953-4,,,
Vulnerability Assessment for PMU Communication Networks,Xiangyu NiuYue TongJinyuan Sun,2018,Smart Computing and Communication,Chapter,10.1007/978-3-030-05755-8_4,http://link.springer.com/chapter/10.1007/978-3-030-05755-8_4,,,
Thin-film organic semiconductor devices: from flexibility to ultraflexibility,Yan Qian é’±å¦Xinwen Zhang å¼ æ–°ç¨³Dianpeng Qi é½æ®¿é¹Linghai Xie è§£ä»¤æµ·Bevita K. ChandranXiaodong Chen é™ˆæ™“ä¸œWei Huang é»„ç»´,2016,Science China Materials,Article,10.1007/s40843-016-5091-1,http://link.springer.com/article/10.1007/s40843-016-5091-1,59,7,
Review: Hydraulics of water wellsâ€”head losses of individual components,Georg J. Houben,2015,Hydrogeology Journal,Article,10.1007/s10040-015-1313-7,http://link.springer.com/article/10.1007/s10040-015-1313-7,23,8,
Aquatic environmental assessment of Lake Balaton in the light of physical-chemical water parameters,Vitkor SebestyÃ©nJÃ³zsef NÃ©methTatjana JuzsakovaEndre DomokosZsÃ³fia KovÃ¡csÃkos RÃ©dey,2017,Environmental Science and Pollution Research,Article,10.1007/s11356-017-0163-3,http://link.springer.com/article/10.1007/s11356-017-0163-3,24,32,
An analysis of vehicle-to-infrastructure communications for non-signalised intersection control under mixed driving behaviour,Gokhan BudanKhaled HayatlehDenise MorreyPeter BallPhilip Shadbolt,2018,Analog Integrated Circuits and Signal Processing,Article,10.1007/s10470-018-1152-2,http://link.springer.com/article/10.1007/s10470-018-1152-2,95,3,
